{
  "total_questions": 172,
  "answer_evaluated_questions": 172,
  "retrieval_mrr": 0.717374953857512,
  "reranker_mrr": 0.7477713178294574,
  "average_retrieval_candidate_count": 10.0,
  "retrieval_recall_all_candidates": 0.9534883720930233,
  "retrieval_complete_all_candidates": 0.9534883720930233,
  "retrieval_evidence_hit_all_candidates": 0.9476744186046512,
  "average_correctness": 4.613372093023256,
  "average_correctness_normalized": 0.9226744186046512,
  "average_faithfulness": 0.9244186046511628,
  "average_relevancy": 0.9069767441860465,
  "average_hallucination": 0.0755813953488372,
  "average_rag_latency_seconds": 2.447208139534884,
  "average_evaluation_latency_seconds": 3.120711046511628,
  "average_total_latency_seconds": 5.568014534883721,
  "average_retriever_query_tokens": 22.936046511627907,
  "average_reranker_input_tokens": 1525.3720930232557,
  "average_context_tokens": 782.8837209302326,
  "average_prompt_tokens": 890.7616279069767,
  "average_completion_tokens": 75.6453488372093,
  "average_llm_total_tokens": 966.4069767441861,
  "average_pipeline_total_tokens": 2514.7151162790697,
  "working_correctly_rate": 0.8372093023255814,
  "diagnosis_counts": {
    "working_correctly": 144,
    "llm_generation_problem": 6,
    "evaluator_or_dataset_issue": 17,
    "retrieval_problem": 4,
    "reranker_problem": 1
  },
  "retrieval_hit_at_1": 0.5872093023255814,
  "retrieval_recall_at_1": 0.5872093023255814,
  "retrieval_complete_at_1": 0.5872093023255814,
  "retrieval_evidence_hit_at_1": 0.7034883720930233,
  "retrieval_average_distractor_count_at_1": 0.0,
  "retrieval_distractor_rate_at_1": 0.0,
  "retrieval_distractor_counts_by_dataset_at_1": {},
  "retrieval_average_distractor_count_by_dataset_at_1": {},
  "retrieval_hit_at_3": 0.8255813953488372,
  "retrieval_recall_at_3": 0.8255813953488372,
  "retrieval_complete_at_3": 0.8255813953488372,
  "retrieval_evidence_hit_at_3": 0.8662790697674418,
  "retrieval_average_distractor_count_at_3": 0.005813953488372093,
  "retrieval_distractor_rate_at_3": 0.001937984496124031,
  "retrieval_distractor_counts_by_dataset_at_3": {
    "hotpotqa": 1
  },
  "retrieval_average_distractor_count_by_dataset_at_3": {
    "hotpotqa": 0.005813953488372093
  },
  "retrieval_hit_at_5": 0.877906976744186,
  "retrieval_recall_at_5": 0.877906976744186,
  "retrieval_complete_at_5": 0.877906976744186,
  "retrieval_evidence_hit_at_5": 0.8953488372093024,
  "retrieval_average_distractor_count_at_5": 0.05813953488372093,
  "retrieval_distractor_rate_at_5": 0.011627906976744186,
  "retrieval_distractor_counts_by_dataset_at_5": {
    "hotpotqa": 8,
    "webz_news": 2
  },
  "retrieval_average_distractor_count_by_dataset_at_5": {
    "hotpotqa": 0.046511627906976744,
    "webz_news": 0.011627906976744186
  },
  "reranker_hit_at_1": 0.627906976744186,
  "reranker_recall_at_1": 0.627906976744186,
  "reranker_complete_at_1": 0.627906976744186,
  "reranker_evidence_hit_at_1": 0.7441860465116279,
  "reranker_average_distractor_count_at_1": 0.0,
  "reranker_distractor_rate_at_1": 0.0,
  "reranker_distractor_counts_by_dataset_at_1": {},
  "reranker_average_distractor_count_by_dataset_at_1": {},
  "reranker_hit_at_3": 0.872093023255814,
  "reranker_recall_at_3": 0.872093023255814,
  "reranker_complete_at_3": 0.872093023255814,
  "reranker_evidence_hit_at_3": 0.9127906976744186,
  "reranker_average_distractor_count_at_3": 0.005813953488372093,
  "reranker_distractor_rate_at_3": 0.001937984496124031,
  "reranker_distractor_counts_by_dataset_at_3": {
    "hotpotqa": 1
  },
  "reranker_average_distractor_count_by_dataset_at_3": {
    "hotpotqa": 0.005813953488372093
  },
  "reranker_hit_at_5": 0.9186046511627907,
  "reranker_recall_at_5": 0.9186046511627907,
  "reranker_complete_at_5": 0.9186046511627907,
  "reranker_evidence_hit_at_5": 0.9418604651162791,
  "reranker_average_distractor_count_at_5": 0.046511627906976744,
  "reranker_distractor_rate_at_5": 0.009302325581395349,
  "reranker_distractor_counts_by_dataset_at_5": {
    "hotpotqa": 7,
    "webz_news": 1
  },
  "reranker_average_distractor_count_by_dataset_at_5": {
    "hotpotqa": 0.040697674418604654,
    "webz_news": 0.005813953488372093
  },
  "phoenix_project": "hkpl-rag",
  "vector_table": "data_hkpl_knowledge",
  "evaluation_dataset": "hkpl",
  "distractor_datasets": [
    "hotpotqa",
    "webz_news"
  ],
  "search_corpus_vectors": {
    "hkpl": 619,
    "hotpotqa": 9769,
    "webz_news": 3783
  },
  "metric_definitions": {
    "hit_at_k": "At least one expected chunk appears in the top K.",
    "recall_at_k": "Fraction of expected chunks appearing in the top K.",
    "complete_at_k": "All expected chunks appear in the top K.",
    "complete_all_candidates": "All expected chunks appear anywhere in the vector candidates provided to the reranker.",
    "evidence_hit_at_k": "At least one top-K chunk contains the labeled supporting evidence, even if its chunk ID differs from the gold chunk.",
    "reference_match_mode": "exact_chunk when the labeled chunk is present, equivalent_evidence when another chunk contains the gold snippet, otherwise missing. Diagnosis uses this mode.",
    "mrr": "Reciprocal rank of the first expected chunk.",
    "hallucination": "One minus the LlamaIndex faithfulness score.",
    "distractor_rate_at_k": "Fraction of the top K documents whose dataset metadata is marked as a distractor corpus."
  }
}