{
  "total_questions": 175,
  "average_correctness": 4.474285714285714,
  "average_faithfulness": 0.8742857142857143,
  "average_relevancy": 0.8914285714285715,
  "source_match_at_3": 0.9428571428571428,
  "chunk_match_at_3": 0.8742857142857143,
  "average_latency_seconds": 1.9045840000000007
}