{
  "total_questions": 176,
  "average_correctness": 4.426136363636363,
  "average_faithfulness": 0.8693181818181818,
  "average_relevancy": 0.8863636363636364,
  "source_match_at_3": 0.9318181818181818,
  "chunk_match_at_3": 0.8636363636363636,
  "average_latency_seconds": 1.8784625000000013,
  "diagnosis_counts": {
    "working_correctly": 131,
    "chunk_level_retrieval_problem": 12,
    "evaluator_or_dataset_issue": 17,
    "retrieval_problem": 12,
    "llm_generation_problem": 4
  }
}