{
  "total_questions": 174,
  "average_correctness": 4.425287356321839,
  "average_faithfulness": 0.8735632183908046,
  "average_relevancy": 0.9022988505747126,
  "source_match_at_3": 0.9367816091954023,
  "chunk_match_at_3": 0.896551724137931,
  "average_prompt_tokens": 925.5459770114943,
  "average_completion_tokens": 58.247126436781606,
  "average_total_tokens": 983.7931034482758,
  "average_latency_seconds": 2.0594867816091953,
  "diagnosis_counts": {
    "working_correctly": 132,
    "llm_generation_problem": 8,
    "retrieval_problem": 6,
    "evaluator_or_dataset_issue": 16,
    "reranker_problem": 7,
    "chunk_level_retrieval_problem": 3,
    "evaluation_failed": 2
  }
}